{"cameraMode":{"drawMode":0,"name":"Shaded","section":"Shading Mode"},"sceneLighting":true,"audioPlay":false,"sceneViewState":{"showFog":true,"showMaterialUpdate":false,"showSkybox":true,"showFlares":true,"showImageEffects":true,"showParticleSystems":true},"in2DMode":false,"pivot":{"x":-14.40274429321289,"y":3.1852476596832277,"z":-7.43983793258667},"rotation":{"x":0.12872521579265595,"y":-0.7246378064155579,"z":0.14086636900901795,"w":0.6621890664100647},"size":3.275254487991333,"orthographic":false}