{"cameraMode":{"drawMode":0,"name":"Shaded","section":"Shading Mode"},"sceneLighting":true,"audioPlay":false,"sceneViewState":{"showFog":true,"showMaterialUpdate":false,"showSkybox":true,"showFlares":true,"showImageEffects":true,"showParticleSystems":true},"in2DMode":false,"pivot":{"x":-22.316503524780275,"y":3.3922712802886965,"z":-10.026969909667969},"rotation":{"x":0.01218595914542675,"y":-0.7137601971626282,"z":0.012416395358741284,"w":0.7001832723617554},"size":4.90000057220459,"orthographic":false}